first_name,last_name,email,user_type,phone_number,house_number,address,username,password
ดวงสมร,ตวงทอง,iveek260@example.com,resident,0831544535,99/101,หมู่บ้านแสนสุข แขวงจตุจักร กรุงเทพฯ,iveek260,uFEuRGtQ
รอซีด๊ะ,นาฏคายี,kgdmf216@example.com,resident,0817643974,99/102,หมู่บ้านแสนสุข แขวงจตุจักร กรุงเทพฯ,kgdmf216,kopHIaV8
มลิวรรณ,ดิสกะประกาย,fhxpd834@example.com,resident,0836771890,99/103,หมู่บ้านแสนสุข แขวงจตุจักร กรุงเทพฯ,fhxpd834,27bmtx8b
ภควัฒน์,อุลหัสสา,koosl473@example.com,resident,0826570136,99/104,หมู่บ้านแสนสุข แขวงจตุจักร กรุงเทพฯ,koosl473,qVOI4Qsy
พันเทพ,ติระคมน์,khsnn252@example.com,resident,0825076162,99/105,หมู่บ้านแสนสุข แขวงจตุจักร กรุงเทพฯ,khsnn252,T2B8A8uO
สุรวัช,ถาวรายุศม์,haxvn590@example.com,resident,0813137451,99/106,หมู่บ้านแสนสุข แขวงจตุจักร กรุงเทพฯ,haxvn590,trq9zbEa
ชัฎชา,ธัญาโภชน์,gxnwz640@example.com,resident,0889602192,99/107,หมู่บ้านแสนสุข แขวงจตุจักร กรุงเทพฯ,gxnwz640,H7IYF5qa
กวีฉัฏฐ,ศรีตะวัน,deeuj603@example.com,resident,0871972497,99/108,หมู่บ้านแสนสุข แขวงจตุจักร กรุงเทพฯ,deeuj603,QR63JFor
มลิวรรณ,สันตะวงศ์,hewge649@example.com,resident,0877686523,99/109,หมู่บ้านแสนสุข แขวงจตุจักร กรุงเทพฯ,hewge649,u5bUvvDe
พรชีวิน,ทองลาภ,owcpt811@example.com,resident,0852248045,99/110,หมู่บ้านแสนสุข แขวงจตุจักร กรุงเทพฯ,owcpt811,djxrtnJM
เทพณรงค์,นุ่มกัน,rhfcm916@example.com,resident,0873682897,99/111,หมู่บ้านแสนสุข แขวงจตุจักร กรุงเทพฯ,rhfcm916,y4kB1ezI
นันทวุฒิ,ขุนดำ,xvhjj447@example.com,resident,0884384648,99/112,หมู่บ้านแสนสุข แขวงจตุจักร กรุงเทพฯ,xvhjj447,VziRx6QB
ธนภณ,นาถะเดชะ,zahad996@example.com,resident,0898222768,99/113,หมู่บ้านแสนสุข แขวงจตุจักร กรุงเทพฯ,zahad996,d2DR0Zjf
ชัชนันท์,บุณยะภาชน์,dqxjz861@example.com,resident,0820314736,99/114,หมู่บ้านแสนสุข แขวงจตุจักร กรุงเทพฯ,dqxjz861,DcT0kr46
ศศินา,ทองสุกเลิศ,zvsoj416@example.com,resident,0810703210,99/115,หมู่บ้านแสนสุข แขวงจตุจักร กรุงเทพฯ,zvsoj416,ykeGMbqQ
พรเบญญา,ขำเอนก,idhtw128@example.com,resident,0814615995,99/116,หมู่บ้านแสนสุข แขวงจตุจักร กรุงเทพฯ,idhtw128,uieiOgNB
อินทรีย์,เธียรายัน,ggseq856@example.com,resident,0897265491,99/117,หมู่บ้านแสนสุข แขวงจตุจักร กรุงเทพฯ,ggseq856,Mq3MdHsj
มูฮำมัด,หอมสิน,hrupl950@example.com,resident,0815736178,99/118,หมู่บ้านแสนสุข แขวงจตุจักร กรุงเทพฯ,hrupl950,nDAv1FES
ชลิดา,เขียวอ่อน,vuwpb189@example.com,resident,0890927577,99/119,หมู่บ้านแสนสุข แขวงจตุจักร กรุงเทพฯ,vuwpb189,RMCZdVgs
ฟิรยา,ขุนดำ,kbdtf438@example.com,resident,0884967640,99/120,หมู่บ้านแสนสุข แขวงจตุจักร กรุงเทพฯ,kbdtf438,HwCBQ4XT
สุมัชญา,เจริญรัมย์,kucou933@example.com,officer,0873218939,,สำนักงานนิติ หมู่บ้านแสนสุข,kucou933,OMDnVDtX
บุญทิวา,นาฏคายี,rzevi739@example.com,officer,0839222757,,สำนักงานนิติ หมู่บ้านแสนสุข,rzevi739,Eu1QCvYn
มัตติกา,สังข์กรด,gkmkb852@example.com,officer,0818143624,,สำนักงานนิติ หมู่บ้านแสนสุข,gkmkb852,FevSVOCd
มูฮัมหมัดอิมรอน,แท่นทอง,rvfgm445@example.com,officer,0815936956,,สำนักงานนิติ หมู่บ้านแสนสุข,rvfgm445,pnCTDr7w
วิพุธ,หนุนสุข,qvfqa342@example.com,officer,0815511042,,สำนักงานนิติ หมู่บ้านแสนสุข,qvfqa342,M4sfueer
ลัดดา,บุนยาภิสนท์,szihf147@example.com,officer,0831891909,,สำนักงานนิติ หมู่บ้านแสนสุข,szihf147,T4bRRlYH
ภาสินี,ถนอมกุลบุตร,odclx316@example.com,officer,0870547448,,สำนักงานนิติ หมู่บ้านแสนสุข,odclx316,Dhy8dYKg
สุพนธ์,บุนยาภิสนท์,upvsz492@example.com,officer,0821745664,,สำนักงานนิติ หมู่บ้านแสนสุข,upvsz492,1WBIpB4B
ศิรินันท์,นะวะมันดร,fqtbq492@example.com,officer,0882503172,,สำนักงานนิติ หมู่บ้านแสนสุข,fqtbq492,MPiri6tk
จิตตานันท์,แก้วชลคราม,vjjxw125@example.com,officer,0859027788,,สำนักงานนิติ หมู่บ้านแสนสุข,vjjxw125,YaYblzc8
พรเบญญา,ธนูปกรณ์,ptcsc114@example.com,officer,0893827216,,สำนักงานนิติ หมู่บ้านแสนสุข,ptcsc114,i2F7vyq3
สุธินันท์,นุชแนวนุ่ม,mnjph713@example.com,officer,0868117544,,สำนักงานนิติ หมู่บ้านแสนสุข,mnjph713,WfccAC43
ธมลพรรณ,นครเทพ,zdjbn319@example.com,officer,0893033830,,สำนักงานนิติ หมู่บ้านแสนสุข,zdjbn319,4TNELcHt
มัตติกา,ทัศนสุทธิ,pbtbk147@example.com,officer,0896715229,,สำนักงานนิติ หมู่บ้านแสนสุข,pbtbk147,UgKHpLHU
เจตพินิษฐ์,เพียยา,rgejy627@example.com,officer,0820117966,,สำนักงานนิติ หมู่บ้านแสนสุข,rgejy627,smfzFdtF
เอกวิทย์,พรมอ่อน,xojhg671@example.com,officer,0894371653,,สำนักงานนิติ หมู่บ้านแสนสุข,xojhg671,7aVDjgf7
สุกฤษตา,ธัญเสถียร,aqynz659@example.com,officer,0829044648,,สำนักงานนิติ หมู่บ้านแสนสุข,aqynz659,CoUkSZRK
พลภูมิ,นาถะเดชะ,dnrkc855@example.com,officer,0839866944,,สำนักงานนิติ หมู่บ้านแสนสุข,dnrkc855,GfyGsZkM
พีรพัฒน์,ธรรมเมธา,wklxl213@example.com,officer,0868989991,,สำนักงานนิติ หมู่บ้านแสนสุข,wklxl213,zKvHiIXR
ปวีณ,นฤทุกข์,hoxte478@example.com,officer,0812864585,,สำนักงานนิติ หมู่บ้านแสนสุข,hoxte478,w7PGYm2C
สุทธิณัฐ,ชุมวระ,spjsl624@example.com,technician,0874909200,,สำนักงานนิติ หมู่บ้านแสนสุข,spjsl624,h3smNxUt
ศิรินันท์,ศรีเผด็จ,iattd138@example.com,technician,0857013334,,สำนักงานนิติ หมู่บ้านแสนสุข,iattd138,lEewMEIr
ชัชเวศย์,ตัณฑนุช,okmvj772@example.com,technician,0817412169,,สำนักงานนิติ หมู่บ้านแสนสุข,okmvj772,74UimBVp
สุรนัย,เจริญรัมย์,fraza113@example.com,technician,0852217781,,สำนักงานนิติ หมู่บ้านแสนสุข,fraza113,BhFvE7l4
มารีนี,ตันยา,jyvrh476@example.com,technician,0830837459,,สำนักงานนิติ หมู่บ้านแสนสุข,jyvrh476,MI55v2io
รอกีเย๊าะ,พานเกล้า,zgdnd376@example.com,technician,0894849689,,สำนักงานนิติ หมู่บ้านแสนสุข,zgdnd376,IYD7Ksdx
อชิตะวีร์,เจริญรัมย์,jajmr699@example.com,technician,0839376390,,สำนักงานนิติ หมู่บ้านแสนสุข,jajmr699,0iKOpcBf
วิเชียร,วุฑฒยากร,aacjw375@example.com,technician,0856995197,,สำนักงานนิติ หมู่บ้านแสนสุข,aacjw375,oanwYPwY
อารีย์,ร่มธิติรัตน์,yxivb760@example.com,technician,0818668921,,สำนักงานนิติ หมู่บ้านแสนสุข,yxivb760,vDlmP74f
นิติ,ไสยกิจ,svbjt525@example.com,technician,0898450088,,สำนักงานนิติ หมู่บ้านแสนสุข,svbjt525,SifwjUsS
ทิมาภรณ์,เขียวขุ้ย,fxvzi840@example.com,technician,0882284527,,สำนักงานนิติ หมู่บ้านแสนสุข,fxvzi840,BFNjoWob
วาร์มูฮำหมัด,ทองประดิฐ,xqnro356@example.com,technician,0857170269,,สำนักงานนิติ หมู่บ้านแสนสุข,xqnro356,2FUyXTwK
เจตธนากร,สาระพันธ์,hqtex738@example.com,technician,0810426125,,สำนักงานนิติ หมู่บ้านแสนสุข,hqtex738,v6YOslPj
ศุภาศิล,ทัศนสุทธิ,hantr349@example.com,technician,0866183501,,สำนักงานนิติ หมู่บ้านแสนสุข,hantr349,n4ZmfvIk
อัญชัญ,เลิศกิ่ง,cfotn781@example.com,technician,0836540659,,สำนักงานนิติ หมู่บ้านแสนสุข,cfotn781,VpIbuXHz
ฮามีย๊ะ,แน่นดุจป้อม,prbwb428@example.com,technician,0897517229,,สำนักงานนิติ หมู่บ้านแสนสุข,prbwb428,W7vpHsJl
โสภา,ถาวรรัตน,jafpe426@example.com,technician,0893536523,,สำนักงานนิติ หมู่บ้านแสนสุข,jafpe426,tEcggFY8
ฌาฆีภัตฐ์,มิ่งขวัญ,sdlqn113@example.com,technician,0824901859,,สำนักงานนิติ หมู่บ้านแสนสุข,sdlqn113,EOMyaevZ
ปาริตา,ทุมะบุตร์,ipdfc894@example.com,technician,0854582102,,สำนักงานนิติ หมู่บ้านแสนสุข,ipdfc894,6TqOk34y
เทอดศักดิ์,กุมารบุญ,fkefh299@example.com,technician,0891355611,,สำนักงานนิติ หมู่บ้านแสนสุข,fkefh299,9mNI7Eg6
