first_name,last_name,email,user_type,phone_number,house_number,address
ดวงสมร,ตวงทอง,iveek260@example.com,resident,0831544535,99/101,หมู่บ้านแสนสุข แขวงจตุจักร กรุงเทพฯ
รอซีด๊ะ,นาฏคายี,kgdmf216@example.com,resident,0817643974,99/102,หมู่บ้านแสนสุข แขวงจตุจักร กรุงเทพฯ
มลิวรรณ,ดิสกะประกาย,fhxpd834@example.com,resident,0836771890,99/103,หมู่บ้านแสนสุข แขวงจตุจักร กรุงเทพฯ
ภควัฒน์,อุลหัสสา,koosl473@example.com,resident,0826570136,99/104,หมู่บ้านแสนสุข แขวงจตุจักร กรุงเทพฯ
พันเทพ,ติระคมน์,khsnn252@example.com,resident,0825076162,99/105,หมู่บ้านแสนสุข แขวงจตุจักร กรุงเทพฯ
สุรวัช,ถาวรายุศม์,haxvn590@example.com,resident,0813137451,99/106,หมู่บ้านแสนสุข แขวงจตุจักร กรุงเทพฯ
ชัฎชา,ธัญาโภชน์,gxnwz640@example.com,resident,0889602192,99/107,หมู่บ้านแสนสุข แขวงจตุจักร กรุงเทพฯ
กวีฉัฏฐ,ศรีตะวัน,deeuj603@example.com,resident,0871972497,99/108,หมู่บ้านแสนสุข แขวงจตุจักร กรุงเทพฯ
มลิวรรณ,สันตะวงศ์,hewge649@example.com,resident,0877686523,99/109,หมู่บ้านแสนสุข แขวงจตุจักร กรุงเทพฯ
พรชีวิน,ทองลาภ,owcpt811@example.com,resident,0852248045,99/110,หมู่บ้านแสนสุข แขวงจตุจักร กรุงเทพฯ
เทพณรงค์,นุ่มกัน,rhfcm916@example.com,resident,0873682897,99/111,หมู่บ้านแสนสุข แขวงจตุจักร กรุงเทพฯ
นันทวุฒิ,ขุนดำ,xvhjj447@example.com,resident,0884384648,99/112,หมู่บ้านแสนสุข แขวงจตุจักร กรุงเทพฯ
ธนภณ,นาถะเดชะ,zahad996@example.com,resident,0898222768,99/113,หมู่บ้านแสนสุข แขวงจตุจักร กรุงเทพฯ
ชัชนันท์,บุณยะภาชน์,dqxjz861@example.com,resident,0820314736,99/114,หมู่บ้านแสนสุข แขวงจตุจักร กรุงเทพฯ
ศศินา,ทองสุกเลิศ,zvsoj416@example.com,resident,0810703210,99/115,หมู่บ้านแสนสุข แขวงจตุจักร กรุงเทพฯ
พรเบญญา,ขำเอนก,idhtw128@example.com,resident,0814615995,99/116,หมู่บ้านแสนสุข แขวงจตุจักร กรุงเทพฯ
อินทรีย์,เธียรายัน,ggseq856@example.com,resident,0897265491,99/117,หมู่บ้านแสนสุข แขวงจตุจักร กรุงเทพฯ
มูฮำมัด,หอมสิน,hrupl950@example.com,resident,0815736178,99/118,หมู่บ้านแสนสุข แขวงจตุจักร กรุงเทพฯ
ชลิดา,เขียวอ่อน,vuwpb189@example.com,resident,0890927577,99/119,หมู่บ้านแสนสุข แขวงจตุจักร กรุงเทพฯ
ฟิรยา,ขุนดำ,kbdtf438@example.com,resident,0884967640,99/120,หมู่บ้านแสนสุข แขวงจตุจักร กรุงเทพฯ
สุมัชญา,เจริญรัมย์,kucou933@example.com,officer,0873218939,,สำนักงานนิติ หมู่บ้านแสนสุข
บุญทิวา,นาฏคายี,rzevi739@example.com,officer,0839222757,,สำนักงานนิติ หมู่บ้านแสนสุข
มัตติกา,สังข์กรด,gkmkb852@example.com,officer,0818143624,,สำนักงานนิติ หมู่บ้านแสนสุข
มูฮัมหมัดอิมรอน,แท่นทอง,rvfgm445@example.com,officer,0815936956,,สำนักงานนิติ หมู่บ้านแสนสุข
วิพุธ,หนุนสุข,qvfqa342@example.com,officer,0815511042,,สำนักงานนิติ หมู่บ้านแสนสุข
ลัดดา,บุนยาภิสนท์,szihf147@example.com,officer,0831891909,,สำนักงานนิติ หมู่บ้านแสนสุข
ภาสินี,ถนอมกุลบุตร,odclx316@example.com,officer,0870547448,,สำนักงานนิติ หมู่บ้านแสนสุข
สุพนธ์,บุนยาภิสนท์,upvsz492@example.com,officer,0821745664,,สำนักงานนิติ หมู่บ้านแสนสุข
ศิรินันท์,นะวะมันดร,fqtbq492@example.com,officer,0882503172,,สำนักงานนิติ หมู่บ้านแสนสุข
จิตตานันท์,แก้วชลคราม,vjjxw125@example.com,officer,0859027788,,สำนักงานนิติ หมู่บ้านแสนสุข
พรเบญญา,ธนูปกรณ์,ptcsc114@example.com,officer,0893827216,,สำนักงานนิติ หมู่บ้านแสนสุข
สุธินันท์,นุชแนวนุ่ม,mnjph713@example.com,officer,0868117544,,สำนักงานนิติ หมู่บ้านแสนสุข
ธมลพรรณ,นครเทพ,zdjbn319@example.com,officer,0893033830,,สำนักงานนิติ หมู่บ้านแสนสุข
มัตติกา,ทัศนสุทธิ,pbtbk147@example.com,officer,0896715229,,สำนักงานนิติ หมู่บ้านแสนสุข
เจตพินิษฐ์,เพียยา,rgejy627@example.com,officer,0820117966,,สำนักงานนิติ หมู่บ้านแสนสุข
เอกวิทย์,พรมอ่อน,xojhg671@example.com,officer,0894371653,,สำนักงานนิติ หมู่บ้านแสนสุข
สุกฤษตา,ธัญเสถียร,aqynz659@example.com,officer,0829044648,,สำนักงานนิติ หมู่บ้านแสนสุข
พลภูมิ,นาถะเดชะ,dnrkc855@example.com,officer,0839866944,,สำนักงานนิติ หมู่บ้านแสนสุข
พีรพัฒน์,ธรรมเมธา,wklxl213@example.com,officer,0868989991,,สำนักงานนิติ หมู่บ้านแสนสุข
ปวีณ,นฤทุกข์,hoxte478@example.com,officer,0812864585,,สำนักงานนิติ หมู่บ้านแสนสุข
สุทธิณัฐ,ชุมวระ,spjsl624@example.com,technician,0874909200,,สำนักงานนิติ หมู่บ้านแสนสุข
ศิรินันท์,ศรีเผด็จ,iattd138@example.com,technician,0857013334,,สำนักงานนิติ หมู่บ้านแสนสุข
ชัชเวศย์,ตัณฑนุช,okmvj772@example.com,technician,0817412169,,สำนักงานนิติ หมู่บ้านแสนสุข
สุรนัย,เจริญรัมย์,fraza113@example.com,technician,0852217781,,สำนักงานนิติ หมู่บ้านแสนสุข
มารีนี,ตันยา,jyvrh476@example.com,technician,0830837459,,สำนักงานนิติ หมู่บ้านแสนสุข
รอกีเย๊าะ,พานเกล้า,zgdnd376@example.com,technician,0894849689,,สำนักงานนิติ หมู่บ้านแสนสุข
อชิตะวีร์,เจริญรัมย์,jajmr699@example.com,technician,0839376390,,สำนักงานนิติ หมู่บ้านแสนสุข
วิเชียร,วุฑฒยากร,aacjw375@example.com,technician,0856995197,,สำนักงานนิติ หมู่บ้านแสนสุข
อารีย์,ร่มธิติรัตน์,yxivb760@example.com,technician,0818668921,,สำนักงานนิติ หมู่บ้านแสนสุข
นิติ,ไสยกิจ,svbjt525@example.com,technician,0898450088,,สำนักงานนิติ หมู่บ้านแสนสุข
ทิมาภรณ์,เขียวขุ้ย,fxvzi840@example.com,technician,0882284527,,สำนักงานนิติ หมู่บ้านแสนสุข
วาร์มูฮำหมัด,ทองประดิฐ,xqnro356@example.com,technician,0857170269,,สำนักงานนิติ หมู่บ้านแสนสุข
เจตธนากร,สาระพันธ์,hqtex738@example.com,technician,0810426125,,สำนักงานนิติ หมู่บ้านแสนสุข
ศุภาศิล,ทัศนสุทธิ,hantr349@example.com,technician,0866183501,,สำนักงานนิติ หมู่บ้านแสนสุข
อัญชัญ,เลิศกิ่ง,cfotn781@example.com,technician,0836540659,,สำนักงานนิติ หมู่บ้านแสนสุข
ฮามีย๊ะ,แน่นดุจป้อม,prbwb428@example.com,technician,0897517229,,สำนักงานนิติ หมู่บ้านแสนสุข
โสภา,ถาวรรัตน,jafpe426@example.com,technician,0893536523,,สำนักงานนิติ หมู่บ้านแสนสุข
ฌาฆีภัตฐ์,มิ่งขวัญ,sdlqn113@example.com,technician,0824901859,,สำนักงานนิติ หมู่บ้านแสนสุข
ปาริตา,ทุมะบุตร์,ipdfc894@example.com,technician,0854582102,,สำนักงานนิติ หมู่บ้านแสนสุข
เทอดศักดิ์,กุมารบุญ,fkefh299@example.com,technician,0891355611,,สำนักงานนิติ หมู่บ้านแสนสุข
